Dates,nb_recherches_gironde
2023-02-04,260
2023-02-05,180
2023-02-06,364
2023-02-07,473
2023-02-08,353
2023-02-09,413
2023-02-10,377
2023-02-11,439
2023-02-12,90
2023-02-13,488
2023-02-14,319
2023-02-15,352
2023-02-16,513
2023-02-17,584
2023-02-18,60
2023-02-19,40
2023-02-20,288
2023-02-21,371
2023-02-22,450
2023-02-23,762
2023-02-24,624
2023-02-25,598
2023-02-26,122
2023-02-27,378
2023-02-28,383
2023-03-01,496
2023-03-02,322
2023-03-03,906
2023-03-04,167
2023-03-05,96
2023-03-06,423
2023-03-07,534
2023-03-08,451
2023-03-09,191
2023-03-10,346
2023-03-11,85
2023-03-12,72
2023-03-13,188
2023-03-14,402
2023-03-15,562
2023-03-16,388
2023-03-17,501
2023-03-18,87
2023-03-19,80
2023-03-20,542
2023-03-21,384
2023-03-22,456
2023-03-23,316
2023-03-24,34
2023-03-25,126
2023-03-26,374
2023-03-27,263
2023-03-28,414
2023-03-29,262
2023-03-30,292
2023-03-31,231
2023-04-01,158
2023-04-02,254
2023-04-03,242
2023-04-04,634
2023-04-05,436
2023-04-06,411
2023-04-07,159
2023-04-08,163
2023-04-09,96
2023-04-10,301
2023-04-11,422
2023-04-12,260
2023-04-13,352
2023-04-14,202
2023-04-15,121
2023-04-16,337
2023-04-17,314
2023-04-18,325
2023-04-19,252
2023-04-20,256
2023-04-21,127
2023-04-22,186
2023-04-23,488
2023-04-24,638
2023-04-25,416
2023-04-26,373
2023-04-27,346
2023-04-28,200
2023-04-29,216
2023-04-30,178
2023-05-01,481
2023-05-02,327
2023-05-03,333
2023-05-04,497
2023-05-05,140
2023-05-06,292
2023-05-07,182
2023-05-08,271
2023-05-09,326
2023-05-10,288
2023-05-11,347
2023-05-12,134
2023-05-13,225
2023-05-14,353
2023-05-15,245
2023-05-16,404
2023-05-17,69
2023-05-18,82
2023-05-19,134
2023-05-20,220
2023-05-21,268
2023-05-22,530
2023-05-23,179
2023-05-24,409
2023-05-25,316
2023-05-26,10
2023-05-27,73
2023-05-28,136
2023-05-29,164
2023-05-30,206
2023-05-31,320
2023-06-01,345
2023-06-02,128
2023-06-03,81
2023-06-04,195
2023-06-05,374
2023-06-06,195
2023-06-07,242
2023-06-08,261
2023-06-09,36
2023-06-10,120
2023-06-11,566
2023-06-12,718
2023-06-13,573
2023-06-14,812
2023-06-15,514
2023-06-16,222
2023-06-17,228
2023-06-18,414
2023-06-19,481
2023-06-20,234
2023-06-21,776
2023-06-22,553
2023-06-23,285
2023-06-24,1380
2023-06-25,556
2023-06-26,2070
2023-06-27,3720
2023-06-28,509
2023-06-29,327
2023-06-30,166
2023-07-01,160
2023-07-02,115
2023-07-03,364
2023-07-04,490
2023-07-05,484
2023-07-06,256
2023-07-07,238
2023-07-08,62
2023-07-09,289
2023-07-10,373
2023-07-11,420
2023-07-12,668
2023-07-13,336
2023-07-14,86
2023-07-15,74
2023-07-16,113
2023-07-17,238
2023-07-18,406
2023-07-19,464
2023-07-20,202
2023-07-21,628
2023-07-22,568
2023-07-23,63
2023-07-24,384
2023-07-25,472
2023-07-26,308
2023-07-27,475
2023-07-28,316
2023-07-29,74
2023-07-30,191
2023-07-31,709
2023-08-01,134
2023-08-02,426
2023-08-03,173
2023-08-04,200
2023-08-05,87
2023-08-06,224
2023-08-07,370
2023-08-08,272
2023-08-09,466
2023-08-10,293
2023-08-11,309
2023-08-12,226
2023-08-13,288
2023-08-14,263
2023-08-15,134
2023-08-16,349
2023-08-17,335
2023-08-18,185
2023-08-19,69
2023-08-20,78
2023-08-21,350
2023-08-22,640
2023-08-23,298
2023-08-24,353
2023-08-25,351
2023-08-26,156
2023-08-27,32
2023-08-28,1160
2023-08-29,464
2023-08-30,450
2023-08-31,408
2023-09-01,432
2023-09-02,184
2023-09-03,208
2023-09-04,350
2023-09-05,491
2023-09-06,444
2023-09-07,320
2023-09-08,291
2023-09-09,415
2023-09-10,219
2023-09-11,343
2023-09-12,336
2023-09-13,563
2023-09-14,369
2023-09-15,548
2023-09-16,164
2023-09-17,85
2023-09-18,332
2023-09-19,769
2023-09-20,418
2023-09-21,474
2023-09-22,486
2023-09-23,516
2023-09-24,175
2023-09-25,444
2023-09-26,412
2023-09-27,312
2023-09-28,387
2023-09-29,233
2023-09-30,387
2023-10-01,233
2023-10-02,179
2023-10-03,55
2023-10-04,360
2023-10-05,335
2023-10-06,397
2023-10-07,682
2023-10-08,465
2023-10-09,192
2023-10-10,392
2023-10-11,331
2023-10-12,589
2023-10-13,447
2023-10-14,645
2023-10-15,1080
2023-10-16,364
2023-10-17,225
2023-10-18,651
2023-10-19,526
2023-10-20,610
2023-10-21,378
2023-10-22,505
2023-10-23,106
2023-10-24,276
2023-10-25,508
2023-10-26,456
2023-10-27,285
2023-10-28,399
2023-10-29,538
2023-10-30,218
2023-10-31,328
2023-11-01,592
2023-11-02,492
2023-11-03,260
2023-11-04,404
2023-11-05,311
2023-11-06,106
2023-11-07,144
2023-11-08,362
2023-11-09,415
2023-11-10,453
2023-11-11,698
2023-11-12,402
2023-11-13,262
2023-11-14,120
2023-11-15,254
2023-11-16,626
2023-11-17,377
2023-11-18,449
2023-11-19,287
2023-11-20,284
2023-11-21,187
2023-11-22,761
2023-11-23,411
2023-11-24,472
2023-11-25,474
2023-11-26,261
2023-11-27,170
2023-11-28,481
2023-11-29,617
2023-11-30,1030
2023-12-01,142
2023-12-02,709
2023-12-03,378
2023-12-04,335
2023-12-05,581
2023-12-06,629
2023-12-07,403
2023-12-08,748
2023-12-09,582
2023-12-10,188
2023-12-11,277
2023-12-12,768
2023-12-13,564
2023-12-14,759
2023-12-15,784
2023-12-16,213
2023-12-17,217
2023-12-18,426
2023-12-19,380
2023-12-20,391
2023-12-21,284
2023-12-22,405
2023-12-23,127
2023-12-24,164
2023-12-25,472
2023-12-26,661
2023-12-27,498
2023-12-28,460
2023-12-29,310
2023-12-30,289
2023-12-31,65
2024-01-01,210
2024-01-02,367
2024-01-03,837
2024-01-04,456
2024-01-05,514
2024-01-06,182
2024-01-07,179
2024-01-08,571
2024-01-09,698
2024-01-10,767
2024-01-11,552
2024-01-12,608
2024-01-13,436
2024-01-14,336
2024-01-15,755
2024-01-16,478
2024-01-17,400
2024-01-18,510
2024-01-19,550
2024-01-20,118
2024-01-21,199
2024-01-22,765
2024-01-23,914
2024-01-24,570
2024-01-25,528
2024-01-26,393
2024-01-27,172
2024-01-28,148
2024-01-29,262
2024-01-30,589
2024-01-31,131
2024-02-01,654
2024-02-02,568
2024-02-03,86
